Ticker,Mean,Median,Std Dev,Min,Max,Count
MMM,0.0004791630614844778,0.00010309166748527601,0.015065692689588246,-0.06034671921346975,0.1284053678872434,656
AOS,0.00023546859638237896,7.118958171146575e-05,0.01283596545492058,-0.058901049715258794,0.05814312961271759,656
ABT,0.000515388359867749,0.0006701271997988838,0.011518790747072719,-0.05174116823283502,0.04447918921544947,656
ABBV,0.00046359335863172896,0.0005360536311424706,0.012896552761370375,-0.06519996643066406,0.06856799213832382,656
ACN,0.0006259583121862782,0.0008618561632929166,0.01232591231821338,-0.0520893210356408,0.0712142944335938,656
ADBE,0.0004707070164571356,0.0005998999381478963,0.015573372025568516,-0.07330064329541408,0.07645989596959665,656
AMD,0.0007649678756718699,0.0006780807383874952,0.025723166763505653,-0.09342880225762011,0.2224185161030109,656
AES,-0.001433560335340574,0.0,0.021400858407770253,-0.10035524791042841,0.1040634464673976,656
AFL,0.00048322236758517844,0.0009137234187641318,0.01124185607809569,-0.06731290678127178,0.0751480541850585,656
A,-0.0001136450667500115,-0.00027143251247876586,0.014908966709403384,-0.06383176314261427,0.09167862244532751,656
APD,0.00034594328694400803,0.0009785591663639566,0.012763327054093446,-0.06803871828922184,0.09335170504754534,656
ABNB,0.0016275596739283246,0.0012784905478551926,0.019367482829415618,-0.05721983522974217,0.14745101525496415,656
AKAM,-0.0001073221847424372,0.00023289965275959617,0.015162160561659505,-0.13786513082097085,0.12943787274417928,656
ALB,-0.0018498667301430716,-0.0019545222618596986,0.02803094889862668,-0.1556886356727372,0.19340839561671913,656
ARE,-0.0010410962264246993,-0.0011602349091979682,0.01723046929620068,-0.08513710340636495,0.0787071129546803,656
ALGN,6.596957453629057e-06,-0.0008036979628916529,0.022386317179809597,-0.09775575946266502,0.15810525459155703,656
ALLE,0.0002151494817294208,0.00042856274195810125,0.012755838189003563,-0.05670883134424126,0.0614834471765295,656
LNT,0.0002490103041920665,0.0008179660567886862,0.011500592778489162,-0.05556411486107856,0.0379659700950273,656
ALL,2.3229914986510245e-05,0.00021006299097776784,0.01415986342148173,-0.07798368323855806,0.07222222222222219,656
GOOGL,0.0012147521715701647,0.0019378342093601796,0.014753597915050674,-0.07740124821133763,0.0989475746163987,656
GOOG,0.0012522313931506888,0.0021005021979692553,0.014788879433394977,-0.07990608591082857,0.10066285480229521,656
MO,0.0007295872009508485,0.0005100441841308155,0.010512936801482223,-0.06834364285308213,0.05994546423372437,656
AMZN,0.0008983178061428895,0.0008026953052867919,0.01597278042129164,-0.07865892350859399,0.11027197028099861,656
AMCR,-0.0004380411399324047,-0.000994560421986654,0.011027662356653303,-0.07497360275890821,0.06619390272950378,656
AEE,0.00018605398141178904,0.000403109591410371,0.011745292836837937,-0.08232420008481464,0.04376839779784598,656
AEP,0.0001265731898537725,0.0006390129842523262,0.011462474604463339,-0.05928626661382303,0.042019985970285,656
AXP,0.0009440945869101513,0.0010762857723812269,0.014291721673376813,-0.05873978901619211,0.1559745223409547,656
AIG,0.0002968607742816359,0.0005925029855263942,0.013066732424783505,-0.06201736169965909,0.08219000412723038,656
AMT,0.00030470207277576784,0.00015838966424097073,0.013859316356174567,-0.05567229709344111,0.07398771508339723,656
AWK,0.00015890953818478013,0.00010372831441718598,0.012369736871410962,-0.05012905982232866,0.058914566946071244,656
AMP,0.0007681786266348275,0.0011600498849896363,0.013489154852442528,-0.059093642471370625,0.12324861824800416,656
AME,-0.00014137185486446285,-0.00041831322622741854,0.010934486547584337,-0.03917649213005522,0.07577172297478482,656
AMGN,-0.00011572905099473779,-0.00036663017175304425,0.01387083407607968,-0.06492693838283285,0.08248109915483416,656
APH,0.0007146672382296141,0.001113680151075855,0.01462697248373278,-0.07330449649851545,0.10687404736247405,656
ADI,0.0004365987328470199,0.0008656032067181298,0.016799736079019828,-0.05943154554800324,0.18416140481203663,656
AON,0.0004206175151364533,0.0007586173472381777,0.010847303307833286,-0.05159093575199987,0.05223712950908242,656
APA,-0.001440580306057462,-0.0010004766404097956,0.023716183427656624,-0.11750503144745804,0.21792993872086555,656
APO,0.0009602981122150957,0.0012075421858338516,0.01883618849238393,-0.10014924006675614,0.15616560497219523,656
AAPL,0.001480809482109235,0.0008983836135245826,0.014099634641475131,-0.07648633643660765,0.1564408818417745,656
AMAT,0.0005998292329951662,0.00043949755365568105,0.019845492206450856,-0.10604637392375116,0.1555023430448456,656
APTV,-0.00023745101398122545,0.00020049329695337177,0.018500982877347045,-0.08970043964034426,0.11584985971190861,656
ACGL,0.00010690791303133791,0.0005153306557166982,0.014345026512046215,-0.06930169254195782,0.07572909656719416,656
ADM,-0.00021026442204640186,0.0001457661394594244,0.014426796921111606,-0.09124476694701701,0.0743161363535836,656
ANET,0.001625701657530489,0.0016738890552701851,0.021793025748374592,-0.08502097665852154,0.1399665391082067,656
AJG,0.00038149060868419393,0.0009343818572175854,0.01188499986184652,-0.06729112236474495,0.053691455531853796,656
AIZ,0.00020615334524505421,0.0003848630037321066,0.013552684639331538,-0.059353167328922075,0.09156643973135992,656
T,0.0012642962710677815,0.0017534732481825858,0.012299055105233478,-0.05683453118947342,0.06552818103783399,656
ATO,0.00031399616523706257,0.0009196406427331271,0.010538528740037722,-0.04317709964667142,0.061746180959214726,656
ADSK,0.0007554778236984206,0.0012052397897051284,0.014815028314262972,-0.05246322916494571,0.10689682775751114,656
ADP,0.00011614779367216248,0.0005839639480785894,0.010929699977922501,-0.06364939637450208,0.07097688079434426,656
AZO,0.0007327142489473899,0.0010261590120307397,0.012194851352281192,-0.04179479916526346,0.042498353655253236,656
AVB,4.494814630405591e-05,0.000609158126791187,0.01249096469156958,-0.056548084822615446,0.09246037938759863,656
AVY,0.00014219374197526585,0.00040914206372049506,0.012229447970167773,-0.061294106876148835,0.06900476977206575,656
AXON,0.0007815360707990124,0.0007534837656093535,0.021470650861937505,-0.15225716727120536,0.11699998643663194,656
BKR,0.00028352452554959674,-0.00023234732037905875,0.016607859774795106,-0.09875288820830398,0.11897195509122176,656
BALL,9.845298622731e-05,0.0004080792254538628,0.01538699178085824,-0.08508341498568069,0.08808192690940686,656
BAC,0.0007225148734476436,0.0007757224517421979,0.013337802423151827,-0.053903281585174566,0.09104265369393223,656
BAX,-0.0005052126087028104,-0.0007199126126224706,0.017057535532352976,-0.08547479396105702,0.1263736578518279,656
BDX,-0.0002612096594432388,0.00022106129192258912,0.011773018250785144,-0.0973753307066087,0.057269895011729764,656
BBY,-0.00027589350413042966,-0.0005800628438393128,0.017307397111177295,-0.12234377861022946,0.12674809054115158,656
TECH,-0.0010086120258707585,-0.0012781739150103857,0.02089544860025636,-0.08462329518406267,0.1620460157605293,656
BIIB,-0.0011228500965776121,-0.0014358180299187885,0.01535718361345878,-0.05698237559885576,0.09228538238130624,656
BLK,0.0005304703000132777,0.0004895593861473468,0.012290663659697465,-0.03953846411455432,0.12059365142561637,656
BX,0.0012048602225993089,0.0019694640933207268,0.01876540848734752,-0.08343511683340286,0.15418870804754622,656
XYZ,0.0011806252168344998,0.0010004938833973178,0.025493746587595515,-0.10636226009560502,0.14148832924267643,656
BK,0.0010806619774765087,0.0012255989877649521,0.012419777976631035,-0.06895800141932129,0.10040213288710204,656
BA,0.0007603366001046589,0.0007482043202920558,0.01804264888319082,-0.07309320772379414,0.15822830576128333,656
BKNG,0.0014198358523024015,0.00180163004770068,0.015009973573251048,-0.05200770228245037,0.11878774739755449,656
BSX,0.00027538115603443976,0.0010922917049844658,0.011353647303658121,-0.05309834509071876,0.07260025863156638,656
BMY,-0.0004642709678821663,-0.00042118262710534544,0.013661413409076242,-0.05676300192771417,0.04960939214215592,656
AVGO,0.0011855081406710575,3.0165720798638106e-05,0.022642491828905584,-0.08965388363853026,0.15358251648899918,656
BR,0.0007747452423835486,0.0008191659787043245,0.011475110914210478,-0.04433498654164148,0.07896326132262918,656
BRO,0.00019582326539329282,0.0009232692234574873,0.011441744992112373,-0.06029902189902417,0.05016663869222007,656
BLDR,0.0007731906862800602,0.0007930858295631682,0.023420299261546748,-0.11523811184630102,0.12092423477602648,656
BG,-0.0003232416793008242,-0.0003988783776762622,0.0148819433848911,-0.05455900996535031,0.07916915844803656,656
BXP,0.000149212186953809,0.0,0.02036494048779947,-0.07605169603518377,0.10978600966813666,656
CHRW,6.87254228533722e-05,-0.0008351610662375732,0.014628001342537018,-0.05645166926043799,0.07265440213958625,656
CDNS,0.00036459802828539583,0.000960909813148694,0.018019003243527485,-0.10611085044675686,0.14716080362956793,656
CZR,-0.0013898935704990962,-0.0019024408665016868,0.025195720183427427,-0.06999999598452919,0.17921303184170997,656
CPT,-0.00018742112432360844,-0.0002699733988969996,0.013129658467706338,-0.061208850772399154,0.06390475318545384,656
CPB,-0.0005719543438612396,-0.0011230633294106597,0.013187603814199759,-0.052488017420884985,0.05313877536873487,656
COF,0.0009268826291996827,0.0006778064873383201,0.017869424594137644,-0.06499322559970401,0.17098486563439064,656
CAH,0.0007227289492588758,0.0008512462258429884,0.012122314454780942,-0.04416159718478137,0.05456750336723367,656
KMX,-1.501465162346523e-05,-0.0009393059229051324,0.020035669770776577,-0.0769314700610017,0.110094211170673,656
CCL,0.0013942897444495972,0.0007260057068545862,0.024894915876504307,-0.07764950596566833,0.16935003429132958,656
CARR,0.00027213837700927737,7.763326401650791e-05,0.016040988290643453,-0.07582099862672573,0.0991137538704101,656
CAT,0.0005585712904070694,0.0002267231030702147,0.014218477935917741,-0.055020909314087686,0.11172255469404425,656
CBOE,0.0008164798807603911,0.000814527555032387,0.01328149321109575,-0.052466976485063335,0.07019207202684574,656
CBRE,0.0009360714655148757,0.0015653600935431632,0.015003819700065544,-0.06844954932370467,0.09756538137133691,656
CDW,1.0651844040357072e-05,0.0008601912339595819,0.014331140633552624,-0.07527701091751932,0.09330226274030994,656
COR,0.0005146956478087781,0.00010279745027335486,0.010263868124277525,-0.05724256141637246,0.03775303079500088,656
CNC,-0.000689672107439647,-0.00023919269310095122,0.016449851170890494,-0.09534015422451159,0.05566501321363494,656
CNP,0.00036579452291672095,0.000588916465434993,0.011628224400645416,-0.06046510537404026,0.040661622555560495,656
CF,-2.590502157532166e-07,0.0013008130813041566,0.017316301092012314,-0.07335225624192684,0.06650679293609538,656
CRL,-0.000277441154399586,0.0004330974286711898,0.02226767947610045,-0.2665297291075137,0.14263419908250433,656
SCHW,0.00016269346212279448,-0.00014044700805253653,0.016950828019210624,-0.10600064744112025,0.10694316393152843,656
CHTR,-0.00012371140634461202,-0.00018579525879672227,0.018948651917184353,-0.0868577950266786,0.09391849779510283,656
CVX,-0.0006480234437576083,0.0,0.012190247217737902,-0.05753390184982715,0.08154343177636515,656
CMG,0.00041794371572176445,0.000550834107059547,0.015397309869358734,-0.06708884401576949,0.1095860264070124,656
CB,-5.145657209338842e-05,0.00010331850399831712,0.010967259633714794,-0.05564904271916742,0.06201490715368479,656
CHD,0.0003178831483175642,0.0005995053020525388,0.010333726726363133,-0.05005376031527545,0.044080603686880916,656
CI,-0.00027394671865955044,0.00081069903746106,0.01417384450617685,-0.08803164276978323,0.04106956087007035,656
CINF,-8.402701506772523e-05,0.00038710566867257765,0.013528569728372694,-0.07005153679958505,0.09488680009990995,656
CTAS,0.000530954343187174,0.001062634001220945,0.011357514827693418,-0.06960944900683991,0.0829794268006258,656
CSCO,0.0005582867204172143,0.0007691731476261998,0.010770028193526337,-0.03888286978000053,0.09513939455265849,656
C,0.001160742810638959,0.002111135860165281,0.014826779719093219,-0.06157304285170879,0.1301973823621861,656
CFG,0.0006175574401533614,0.0014320145643982015,0.019423571909129172,-0.08303794377966771,0.11551059989549615,656
CLX,-0.00034174454038376324,-3.0387677170641483e-05,0.011591646701211036,-0.041086253454286854,0.03886658533580115,656
CME,0.0005880211801031535,0.0008729042951080258,0.010686005072488264,-0.05563186050868144,0.051087847562718225,656
CMS,8.331286938578423e-05,0.00034363998463304244,0.010925572739833024,-0.04831101001180765,0.03857452971363106,656
KO,8.271425088747995e-05,0.00015907990186847382,0.008197335079445258,-0.043112907160905725,0.03231163039680572,656
CTSH,0.0003714071271764342,0.0003321426236725199,0.012768505512865388,-0.046975642202506614,0.10472864021139372,656
COIN,0.0024026083460717226,0.000402900692439279,0.046755588327267714,-0.12936190789898008,0.25366141667176934,656
CL,0.00019526172386916888,0.0002749641566975105,0.009726220316346977,-0.054564140821550894,0.042007773370486605,656
CMCSA,9.448174139305516e-05,0.0,0.013940099095886555,-0.09627400915421423,0.08246154785156252,656
CAG,-0.0006233989559170464,-0.0006988990322020427,0.012153083095032227,-0.04581904308779849,0.04771064955899437,656
COP,-0.0007260027701711462,-0.00012804703662472455,0.015240779485164134,-0.07137847364994514,0.1282209523809524,656
ED,0.00018910539703933477,0.00026945393629309916,0.010685669175161392,-0.04105263425592796,0.04122139839496907,656
STZ,-0.0004299334168947071,-0.00013526555096999898,0.01371834144880882,-0.10486929736473177,0.08862107537010283,656
CEG,0.0005591526494408356,-0.00017110646599603502,0.025357402912734438,-0.09642175094194964,0.1575242642038803,656
COO,-0.0003129235157202155,-0.00031058276119863733,0.013829730993058297,-0.06342325285529857,0.10810808170983514,656
CPRT,0.00012613149836759776,0.0003663313047815599,0.01255322435611921,-0.06563371427398784,0.07376147628924169,656
GLW,0.0005266382551629445,0.0006076643319540545,0.014118117273951632,-0.09635277289932778,0.10385301958266492,656
CPAY,0.00048543134386334305,0.0011944093710244117,0.016038755772503327,-0.06550837912234549,0.15797238815646528,656
CTVA,0.00029956508218044914,0.000680111892218134,0.013550857727172887,-0.10388564601635604,0.06472729769620027,656
CSGP,-7.68962392199256e-05,-0.0006473357242303609,0.016869163612142107,-0.08814849387453576,0.08942413172069782,656
COST,0.000834074795783492,0.0010179997908405167,0.011279644388963114,-0.04958684991008759,0.06298458418657082,656
CTRA,-0.0006293160401284947,0.0,0.015222069368412632,-0.061399917366444276,0.07299876334827576,656
CRWD,0.0021794212954195855,0.00285422860660521,0.024596876464081464,-0.08733202658322227,0.1645409816938722,656
CCI,-9.587595699827345e-05,-0.0003076195644732612,0.013624303152069148,-0.07085017414998551,0.048598798589729895,656
CSX,0.00017179258613078056,0.000576715230573252,0.01216885418634464,-0.04153355482139841,0.08437379933740013,656
CMI,0.0006758821273682206,0.000595405093068052,0.014220053070380994,-0.05226187925260571,0.1218930989953893,656
CVS,-9.391234445741363e-05,0.0005588264891802922,0.015318739254950024,-0.06885301285146536,0.06428568703787664,656
DHR,-8.955417820125315e-05,0.00022913487106071342,0.0144220397249957,-0.07003991594785404,0.11525050629099147,656
DRI,0.0003198283473357804,-0.0001975877047733953,0.012054083274435757,-0.047986912055205666,0.07119477814778272,656
DDOG,0.0006658163542367022,8.156353628385952e-05,0.02260474459491198,-0.07956337473450376,0.1200000280621408,656
DVA,0.0009364921515841297,0.001194829987554351,0.016827163206275066,-0.062289107139198774,0.07225030322776484,656
DAY,0.0002739092770584781,0.0011811706188117486,0.020452121914818162,-0.06958251690638925,0.14338017722787794,656
DECK,0.00019325956146043946,0.00014541099910177278,0.019463128972489814,-0.09556351305400647,0.13963081040893977,656
DE,0.0005133626981628686,0.0006556886352729497,0.014498001065309192,-0.06977641630467288,0.11005100309734096,656
DELL,0.0014761381716315823,0.0013484789965147559,0.022639637378411074,-0.09935856143517673,0.16028121932365036,656
DAL,0.0006827557057490964,0.0012438174126111075,0.020217272869000824,-0.07692302407852294,0.19940397292815487,656
DVN,-0.0011187516248022254,-0.0008718220308803677,0.01835318748711012,-0.08905509287692165,0.19270635718951837,656
DXCM,-0.00036605787178756806,-0.00020390124725178267,0.022198586703196983,-0.08403990319104016,0.11233143897757226,656
FANG,-0.0006584690522171741,0.00010598358291640398,0.017708862996546098,-0.07967176472985338,0.16489674991618405,656
DLR,0.0003668806687963942,0.0010894154896417822,0.015051068903455752,-0.05178260372660604,0.0837113242544425,656
DG,-0.00043977990800777027,-0.00016265278803253755,0.01876851816718553,-0.1108485441371796,0.08296938822795634,656
DLTR,0.00010231473127104557,-0.0003183882931126887,0.019243074125934425,-0.12680312441468058,0.08951617825415827,656
D,-6.951509995525893e-05,0.0007355415135229934,0.013768660756942584,-0.07458757518679335,0.061344718379952354,656
DPZ,-0.00010283280693129942,0.0002509408793833623,0.015622205325353735,-0.09440318791036863,0.06564080074295744,656
DASH,0.0019263621308949952,0.0017853056183939585,0.02269648827799173,-0.114216072591427,0.1471500853532425,656
DOV,-3.2393397660691315e-05,-0.00018183439455416874,0.012812604475300087,-0.04307026585171708,0.1092088675474239,656
DOW,-0.000701452687468824,-0.0009424935380508878,0.017001086257553016,-0.11000001841577985,0.17790927656863242,656
DHI,0.000654676264224552,0.0012450945984166586,0.016761773417879364,-0.06854415506693484,0.0922384271664013,656
DTE,0.00020313380028524067,0.0009359539519849068,0.011425693089737917,-0.0565497070083063,0.03879766659068766,656
DUK,0.00014948056110111098,0.0004958397632768073,0.010080838447274561,-0.04855999755859378,0.030712632297570444,656
DD,7.92539847582733e-05,0.0006809904851213779,0.01287721814665859,-0.07406784984213914,0.141304387548513,656
EMN,-1.462046988769269e-05,-4.963346575231626e-05,0.01546924608451264,-0.07809313950898739,0.137988897952051,656
ETN,0.0006851157748359642,0.0011763959076072123,0.015836775409323094,-0.05600386099387482,0.13681547625055127,656
EBAY,0.0015550426668837756,0.0011829077571534146,0.01467503203015212,-0.04509519316888829,0.07162022722826218,656
ECL,0.0007847183977519001,0.0003841812751366729,0.010655323417256977,-0.04400571644209614,0.06898569771777349,656
EIX,-0.0004055170504476803,0.0006925507499258216,0.01525869060935734,-0.10794387569933149,0.08057055164065435,656
EW,0.00035750810665857697,0.0002237698978213333,0.014739659863025147,-0.06733324839012153,0.07612495422363282,656
EA,0.0007708940476967865,0.00023922705776846165,0.01124833216764437,-0.054227878648807105,0.052014776268899776,656
ELV,-0.00016674602266653326,4.104941610185588e-05,0.015109509336176597,-0.09446104129631362,0.09740436661159475,656
EMR,-1.5153889969205428e-05,0.00037611470326174787,0.013295335198358488,-0.0574631884957681,0.11941257669978529,656
ENPH,-0.001080922856902823,-0.0022359444182472217,0.03150654568140405,-0.12027003637685495,0.12327763238392768,656
ETR,0.0005895374131344502,0.0010735392672973746,0.012426067690614464,-0.07045398847658071,0.08999999140349907,656
EOG,-0.0005065895214299574,0.0003481318313980781,0.014749724213906272,-0.05236550144359899,0.11224889831737395,656
EPAM,-0.0005246143349737124,0.0003839776487171214,0.01866527365405806,-0.06538375837944488,0.1260623472837788,656
EQT,0.00031405829848075436,0.0,0.019770835288249102,-0.07370239407895625,0.08124992498036322,656
EFX,0.0006503857988661705,0.0004211597631158756,0.015346589697790297,-0.06635552300347221,0.1160061745325947,656
EQIX,0.0003578651702384795,0.00041915338354321836,0.01395524500335097,-0.0886164368428941,0.0941384493593368,656
EQR,9.663493314111654e-05,-0.0001377520966885494,0.012798001177602563,-0.05677948386574207,0.10311829627225841,656
ERIE,-0.00011582569369416389,0.0004055067845350728,0.016441897026956764,-0.07987236480524236,0.10714892874762588,656
ESS,0.000490240271669593,0.0007967939222382693,0.014197906115320071,-0.06774578088383874,0.09216872372301708,656
EL,-0.0005473079940161893,-0.0004901504345268795,0.0209199415031579,-0.10200623632331017,0.1350040494538346,656
EG,-0.0003402088365344612,0.0004561205683278234,0.013938195054585878,-0.06862503051757815,0.06649115587217672,656
EVRG,0.0003314990166044535,0.0007850899291275369,0.010828389730370515,-0.04771332265882675,0.041752582015826344,656
ES,-0.00021733667619964944,0.00015205614014067047,0.013627465956214977,-0.0719510031699816,0.0511480622377441,656
EXC,6.987457784734243e-05,0.00036160620148118134,0.012009559007443823,-0.08054341573276616,0.04916825511291198,656
EXE,-0.00042493575763947767,-0.0003605588740767135,0.01631226440287346,-0.07551376554791589,0.059291818702411105,656
EXPE,0.0012461496921040256,0.00031745742465332844,0.019412856917604908,-0.07722122459999403,0.18768814277912832,656
EXPD,0.00031119888756318056,-0.0001715824784445728,0.012784249997447542,-0.0403136168027798,0.08241436537799313,656
EXR,-5.902806260740305e-05,-0.0007411198455694575,0.015050164628987828,-0.06946463620537935,0.09242414814870323,656
XOM,-0.00013174607784002335,0.0,0.012847660911168185,-0.0503322678661118,0.06470765952954505,656
FFIV,0.000875470801986297,0.0015416606278917983,0.01299976727735224,-0.05703917792459511,0.10421808132964322,656
FDS,0.00024394728348857533,0.0012682017158369436,0.01221161490003825,-0.04976174591481697,0.07998283584066118,656
FICO,0.0012417071169951274,0.001624970998237185,0.020479197692346855,-0.1306423889693571,0.12032697146770877,656
FAST,0.00045869106577924794,0.0,0.012392763950656248,-0.043151077612767125,0.08038997654052771,656
FRT,-0.00013157132010365659,0.00024112695545223906,0.012933028941393187,-0.06636874236208094,0.09911216786782683,656
FDX,0.0008989764899374912,0.0009290606809282632,0.01390726794830766,-0.06221214927919493,0.12143669109925935,656
FIS,0.00021641643541660485,0.00041546528965561574,0.015180956087341923,-0.11603975948726569,0.07720919885683923,656
FITB,-8.194880467559894e-05,0.00025764074926362874,0.016922412125593304,-0.09502574593526993,0.0847970683901735,656
FSLR,-0.0006326523207232392,-0.0013071304268543198,0.028487818679110204,-0.11139000392198295,0.18009655387980442,656
FE,8.165361864414501e-05,0.00026060075876852473,0.01097615427858462,-0.05562363100652379,0.04109209446052153,656
FI,0.00028674749470287996,0.0011436895342652482,0.014074188106214297,-0.15946546204017706,0.09475988389123025,656
F,0.0008191797003713444,0.00037676242888407224,0.017721411963730078,-0.0887465910288654,0.11764705882352947,656
FTNT,0.001243170441857414,0.0010917979186031255,0.01878616813602363,-0.06972428001174406,0.13438201218508602,656
FTV,-6.925148817368918e-05,0.00012481953482899871,0.012370946489193468,-0.060726429198036044,0.10863867938740941,656
FOXA,0.000364356193762051,0.0008893334863059937,0.014772283824368293,-0.10343777697029942,0.08992806074780499,656
FOX,0.000416395458406947,0.0006979594523077934,0.01451861273850443,-0.10032785134237322,0.09451706624139954,656
BEN,-0.0001639188517545057,0.0004324500678555387,0.016801666583220756,-0.12671077175369047,0.14338461068960331,656
FCX,-0.0004375226033710516,-0.0010344042364395303,0.018502194675567768,-0.09377169173040908,0.12729707098038867,656
GRMN,0.001357853820859421,0.0012622250761325582,0.013280635529580415,-0.0789670266623359,0.13345489866618881,656
IT,-0.00017748223173045857,0.00027157421066666013,0.014251311964455256,-0.09926647483528996,0.08762486516111322,656
GE,0.0018124372751790053,0.002033225013603263,0.01561994591081441,-0.07162731323353523,0.12942528816022483,656
GEHC,0.0006356119027907186,-6.228755832864942e-05,0.017362102794181187,-0.07712591103557714,0.12616988730908413,656
GEV,0.0035705989993077584,0.0027697148180777565,0.029549674868468035,-0.08310962168188558,0.1539493923908095,347
GEN,0.0004088363429288864,0.0007033243634114929,0.015247982749638053,-0.07832113048410173,0.09009010851922065,656
GNRC,0.0008929921161729364,0.0009431454779411531,0.024326620074745606,-0.10431498946373852,0.1508733021974601,656
GD,-7.728579131279039e-05,1.584108149533996e-05,0.010333619229499224,-0.06902257960681583,0.08642762085059326,656
GIS,-0.00047281563072588403,-0.0004897112405307364,0.011847514533123044,-0.06124930821217263,0.047077948014840214,656
GM,0.0008875771687046233,0.0004612454033325515,0.01733163684282145,-0.05999187424642525,0.09268994294175308,656
GPC,6.284495786487418e-06,0.0,0.013827924266523664,-0.08546530620211659,0.08957907005442967,656
GILD,0.0008129307724502361,0.00048643166696420474,0.012894941104738619,-0.04348680248226327,0.07430844838816299,656
GPN,-0.0004107781533242593,-0.0003645908779505554,0.01741314272456575,-0.10679771563053007,0.1512755150449419,656
GL,-8.820382017611904e-06,0.0011310637625359583,0.025172042166144507,-0.5007108398368728,0.12237040201822914,656
GDDY,0.0012603306249776352,0.0011883825903398594,0.014131579352186355,-0.06981715526973081,0.09861325855194125,656
GS,0.0010299259545478825,0.0007751361577125333,0.014385462313157267,-0.05331284952236945,0.1451391614048363,656
HAL,-0.000757140888654399,-0.0007738526484123115,0.01970559005173462,-0.07152437735556907,0.17020143057210754,656
HIG,0.000692934188429554,0.0015648533375249042,0.01159771699101995,-0.06055091183540043,0.07263346887247045,656
HAS,0.0001238287346957213,0.00020416700555062238,0.017574509201472355,-0.07800001664595164,0.09964129074515533,656
HCA,0.0008395281087793964,0.0016152059387309933,0.013975763675183866,-0.0637544227616435,0.05197712053571431,656
DOC,-0.0005234308594402136,-0.0004959269644542695,0.014785425405184679,-0.08656719064392249,0.0564971501122857,656
HSIC,2.5811290895622813e-05,-0.00037836499995822924,0.014145131577021446,-0.05883810833437508,0.07273522555173827,656
HSY,-0.00011103343851746071,-0.0006534261685638372,0.014119978272213403,-0.04988358593021172,0.11261126401071106,656
HPE,0.0002452496243561924,0.0,0.01934819692959799,-0.09583607391259542,0.1721907949997243,656
HLT,0.0009625866286184754,0.0016552182907311086,0.012517811569609108,-0.046111539646639055,0.09489232467616719,656
HOLX,0.0001694855866088176,-0.0002783929442035128,0.012742863648121916,-0.05785657045493877,0.1326288733876319,656
HD,0.00045928479445493886,0.0009288277216357358,0.011897601330336046,-0.043210270099463016,0.08152771773376802,656
HON,-0.0002026518169582381,-0.00024277174707205837,0.011298634321419768,-0.06031977617139455,0.10304712522723332,656
HRL,-0.0007085244552794906,-0.0002775630481151981,0.012597718089698713,-0.0925000508626302,0.03886096591584018,656
HST,-0.00023281185754554494,0.0,0.01514812704084251,-0.06350056289176852,0.14125202435742373,656
HWM,0.0010449360280836597,0.0015487723559321404,0.015621323242030105,-0.06442316182287824,0.1307379742071505,656
HPQ,0.0004199760320229347,0.00031283796457360534,0.015935775499325032,-0.08114368401157579,0.12930235751839564,656
HUBB,0.00026280069323660245,0.00047869868442601267,0.015912897799155303,-0.06233432081311717,0.11246331080374562,656
HUM,0.00012316969507043782,-0.00011480464166413119,0.01796539101296982,-0.11285710410466268,0.12163274324024739,656
HBAN,5.669891321015732e-05,0.000795399554596485,0.017288864097638728,-0.15130569875319172,0.11463413215832391,656
HII,-0.00030427446866844774,-4.418254272268891e-05,0.015238417299753426,-0.13972089900526885,0.09405072445871693,656
IBM,0.0009992671814847008,0.0008531794222866862,0.011146919019371192,-0.049578598642665866,0.08377856876603405,656
IEX,-0.0008725055864866459,-0.0005540329848902914,0.012678578285356932,-0.061257149832589286,0.09047557866212841,656
IDXX,0.0002821438889900739,-0.00047442623107975083,0.016691766292489415,-0.06269631543762091,0.11238723144844108,656
ITW,0.0001800236347749892,0.00019998383807421792,0.01086695663196185,-0.04697433364210821,0.08630492495203979,656
INCY,0.00045141425588341073,0.00037628024669158155,0.015970899947973384,-0.06451169629723058,0.08988597370869698,656
IR,0.0003159561761754288,0.0004536309757976326,0.014335711533030067,-0.05671036258515279,0.11276370274702212,656
PODD,-0.0005695925033851944,-0.0001883626116490718,0.020811241841349602,-0.0878099832268258,0.08545184484437136,656
INTC,0.0004991534415066651,0.0008739460549154413,0.023982554355494127,-0.09621138367687954,0.19147764528254727,656
ICE,0.0006812101208935592,0.0010725234451368594,0.010066883125123459,-0.05235785201261956,0.039440520510205475,656
IFF,-6.258188574105032e-05,0.0006267189152650873,0.016279789352939104,-0.12179177465747303,0.10043739869277425,656
IP,0.0017037202582936735,0.0011387702758726428,0.01623816458246172,-0.08424763244376049,0.10904976496891076,656
IPG,-6.317224679217429e-05,0.00014825505888566845,0.01479297970363142,-0.08070388110736411,0.10633582857693363,656
INTU,0.000747536972856187,0.0010141126863518655,0.015539967803286123,-0.060833370324337055,0.10145142495579926,656
ISRG,0.0005069181799362526,0.0014643360799520531,0.016072102175147988,-0.05648561879840282,0.16211113823784723,656
IVZ,0.00035078599589268776,0.0006413101649510435,0.018118035636435176,-0.08238845325986507,0.17368869167775255,656
INVH,0.00016246977188598123,0.0002957345116555859,0.012060706082269697,-0.04474338043776403,0.07890339760585978,656
IQV,-7.674034577883453e-05,0.0008287771685098271,0.017136833675390952,-0.08498510453879149,0.1143282960163852,656
IRM,0.0010040714887317506,0.0020245125085304174,0.015380220419501404,-0.08169303301298436,0.11405593280016103,656
JBHT,-0.00014063294465088144,-0.0008292027970342757,0.015551783572444253,-0.06864024237136203,0.10474179182594452,656
JBL,0.0014425458915878365,0.0008881407653825262,0.018048463118179033,-0.07043074231038442,0.13951565747207323,656
JKHY,-0.00013569894508634118,0.0003363490306007406,0.013215722883981887,-0.09366774428747425,0.04781493145392613,656
J,0.0002367701934054665,0.0,0.012698965518488628,-0.05407016465206041,0.08493508242921732,656
JNJ,0.00035068626305752423,0.0006400347201872093,0.009525902542991863,-0.046537646527526545,0.06167373038448823,656
JCI,0.0003700499302400834,0.0013498467545848098,0.01400120308444707,-0.07898551830347028,0.1148352828697055,656
JPM,0.0011677040969744468,0.0012785308569532765,0.0122236387981411,-0.0596523704521167,0.10277645335477947,656
K,-0.00024071652849114657,0.0,0.008728695736367262,-0.057450641276626406,0.038644047106726614,656
KVUE,-0.0005015419277433027,-0.0006513546766000449,0.01480556815723908,-0.06461678825447269,0.06227663623541767,572
KDP,-0.00029651458283532574,0.0,0.010523811268909236,-0.05926536824726127,0.0355427674230467,656
KEY,0.0002598300916375756,0.0010743837443900183,0.0222260227138513,-0.1044885989956034,0.119506565830622,656
KEYS,3.7050654376345014e-05,7.115466033751894e-05,0.014162587308353592,-0.07231222751416999,0.12054731502542591,656
KMB,4.714048645499372e-05,0.00011807758766295718,0.009793735453451571,-0.054244981928454665,0.04259100728950503,656
KIM,-7.476822713517373e-06,0.0,0.013995005639299328,-0.04494377753807655,0.09565218833533964,656
KMI,0.0005131955029129179,0.0005336599332612958,0.011813831123280973,-0.05440777483618742,0.06318345209391568,656
KKR,0.001027469046851156,0.0012946576066567876,0.019722886097551556,-0.09098777506399525,0.19017349412961596,656
KLAC,0.0012453967282900335,0.0019575946500836544,0.02079455829161675,-0.1426979916186826,0.16274571930507895,656
KHC,-0.00030976601656403986,-0.0005074477336770833,0.011610526979286273,-0.0581809719170887,0.05434782533579521,656
KR,0.0005122236770181345,0.0004224237290896492,0.012409803948640538,-0.05257209217205716,0.061818173057154584,656
LHX,-0.000517764991760004,-0.00012989592588081447,0.01183976801998247,-0.04992346070254445,0.08438310360236966,656
LH,0.0005756971569242323,0.0009749304649976634,0.012902512382491607,-0.050178900285894244,0.08365634863217329,656
LRCX,0.0007620583095588331,0.000787343689241417,0.021360372645875276,-0.11002333456458831,0.17169224286416193,656
LW,-0.0007111768313004177,-0.00017678762816514439,0.017130238883045046,-0.0860327200320376,0.08596470525892531,656
LVS,-0.0002440528131857045,0.00017579392195885493,0.016150195809576925,-0.06941499845457941,0.09477442800743106,656
LDOS,-1.4905503921749894e-05,0.00039699308121292186,0.014883807954097602,-0.13520746752027477,0.0733649050596689,656
LEN,0.000817664864537349,0.0011367204882726076,0.01655295128055581,-0.08228789744016045,0.08345799850607194,656
LII,0.0009836185610404328,0.0014496390250771673,0.016121921379724513,-0.06078787138967813,0.10026858077614564,656
LLY,-0.0001070303429967868,0.0008372077506876676,0.016049598403953563,-0.06408829146249391,0.07000283340366294,656
LIN,0.0010338845773710337,0.0009580043093767401,0.010041945322643716,-0.05685243072031113,0.07680605871479995,656
LYV,0.0008230557053322434,0.0008258449736461059,0.015945200708633117,-0.09539238652096518,0.11322350400206391,656
LKQ,-0.00036374876164879693,0.00012022993137214652,0.014022212047388264,-0.09770360347577096,0.09126670455685745,656
LMT,-0.00041851271068290153,-0.00022778243574226583,0.010828833440672437,-0.08029865595373642,0.05233919233779172,656
L,0.0003949462790977275,0.001322358441693784,0.010685459600366638,-0.06763879614232489,0.07791242075774599,656
LOW,0.0005022661107890598,0.000966569636640728,0.012752579422527482,-0.05417642499292183,0.06896548700200382,656
LULU,-0.0006417811381661245,-0.0008611765718178777,0.018084305083697034,-0.08091757082301629,0.12224909840821704,656
LYB,-0.0005455671961307861,-0.00010226818489701155,0.015761026471488054,-0.09947557109457225,0.13961908249627977,656
MTB,3.374812616254397e-05,0.0007752001472530324,0.01658478133486232,-0.07768280988023636,0.08938868804189494,656
MPC,0.00038506357699691997,0.001161690016044244,0.018653925620888627,-0.08150002615792398,0.13655626818810296,656
MKTX,-0.0005499585509847687,-0.00047521279314011,0.019936200134986915,-0.19718761336128915,0.11067632901175126,656
MAR,0.0009430028433613206,0.0009239158294162946,0.013204107882924249,-0.04527321173297239,0.10810941411232992,656
MMC,-4.5588383700378455e-05,0.0007396855635171434,0.009628993448044612,-0.0507692095659506,0.0493691868849464,656
MLM,0.0005676289134523947,0.0008181334567697855,0.01372543954106397,-0.04856227257071834,0.07829221540766686,656
MAS,0.0005065361804640999,0.0003051857644116324,0.014503765837448451,-0.05397428350520561,0.09948276651316677,656
MA,0.0006192077185157872,0.0008954819558691335,0.010414965020531056,-0.057445838081699806,0.0964029881014483,656
MTCH,0.00012851668732831648,0.0002914348587194973,0.021011547646476093,-0.10883989045428429,0.0879612604197716,656
MKC,-0.00017886798758228058,0.00013897173339197215,0.012501891404927964,-0.05663175563798585,0.06541274286701387,656
MCD,0.0003635781485522635,0.00021157488100835938,0.009624654066895109,-0.04596757998531219,0.03368509418308397,656
MCK,0.0005742446484516347,0.0010557490811714052,0.011727121325440555,-0.0808035714285715,0.039232649123969926,656
MDT,0.0002375394315575504,0.0006907825019061868,0.011410669136571735,-0.05807478957168655,0.05937886682356372,656
MRK,-0.0003294011126942198,-9.376058195600479e-05,0.013131769880411823,-0.06665049508578161,0.06709225355073455,656
META,0.00119634452263956,0.0007634840712457476,0.01791031918691143,-0.06037733602019096,0.15021507681169174,656
MET,0.0002818532758033802,0.0011127479826314904,0.013768259653805594,-0.06803308077006946,0.10826334570923249,656
MTD,-7.536703282702471e-05,0.0002626104782448718,0.01730409593915007,-0.08998955637972926,0.11009341531004267,656
MGM,-0.000268803128827321,0.0004494374214204262,0.019222364036900013,-0.06891381708140507,0.16777219216579034,656
MCHP,-7.385103084002412e-05,-0.00022836769109989714,0.023441908711794107,-0.13012821050999654,0.2651450944597033,656
MU,0.0002426572422015006,0.0005552251044122037,0.022895318971651056,-0.10347325157404574,0.1762840836301537,656
MSFT,0.0005582685256654295,0.0010008913153963113,0.012396891554034273,-0.03913690044331644,0.10451428635058749,656
MAA,-0.0002165844021951401,0.00019595194824542205,0.012834403214139225,-0.059300646161396554,0.0739557129674069,656
MRNA,-0.001006441282845297,-0.0033404289690860665,0.031235364050116343,-0.11166077500362262,0.14296717149875912,656
MHK,0.0006078692183119387,0.0006511868995125664,0.019081502059212482,-0.06940560735945875,0.12273285161118674,656
MOH,-0.0005330719554379083,0.0,0.019279489416296754,-0.10720960365453966,0.08577708438884,656
TAP,-0.00024113572930266108,-0.00016270758819706592,0.013881352971899349,-0.08384002685546878,0.07954329906493812,656
MDLZ,-0.00016395133757700372,-0.00042679846074613866,0.011034021644848053,-0.05193019277034436,0.05861751714609726,656
MPWR,0.0010700610148310914,0.0014741813649223868,0.02737042042936309,-0.1050313294050473,0.22402565282258183,656
MNST,-0.00013622156916899298,8.644579990168728e-05,0.012298230231422659,-0.06204903881530252,0.05659348578698352,656
MCO,0.0008728995281548394,0.0011937188910961143,0.012380927691123374,-0.060949704494697124,0.12640933260892254,656
MS,0.0007731485162757019,0.0011561300560947482,0.014308355869197861,-0.055555575398965634,0.1374745460238189,656
MOS,5.944920503610754e-05,9.972393098115962e-05,0.019716471868532016,-0.0829372986360282,0.09494229382103686,656
MSI,0.00024017947951519706,0.00036334887424672036,0.010530251231408069,-0.06986513957621734,0.06120112242708565,656
MSCI,0.0002617822262145564,0.0004340898620567966,0.014527063755423389,-0.12064425760416236,0.09866003417968752,656
NDAQ,0.0004976067775203025,0.0005446693933124098,0.01191071181386511,-0.04957523575584238,0.08877790189582146,656
NTAP,0.0007161238817177621,0.0012929234748377885,0.014975098028242215,-0.09444862464216382,0.132298756410713,656
NFLX,0.0009650516339265769,0.0009735839818649126,0.01710132592262662,-0.068479640645391,0.10461133362954919,656
NEM,0.0008311873933176352,0.0012092393455337544,0.017300393049627428,-0.11643346758229431,0.07636989527696418,656
NWSA,0.0001877204008751496,-0.00035040809375781035,0.013087148385969556,-0.05038166871945264,0.10092512822668157,656
NWS,7.108011487519508e-05,-0.00038934865284412856,0.013248345796700128,-0.0574778972281103,0.11480253203521913,656
NEE,-1.1836130248035166e-05,0.0004394711575683196,0.015272473353416681,-0.08078028821900543,0.06945673220141196,656
NKE,0.00026131130120328873,0.0006350806446080784,0.01468147178187505,-0.09358516176893163,0.11336338314396356,656
NI,0.0005383591722972517,0.0014783895849524449,0.011720380158102197,-0.06388322957887226,0.04599479959187662,656
NDSN,-0.0003679488525223963,-0.00037375481457038306,0.013292241673745557,-0.10627977260922847,0.12832090540442775,656
NSC,0.0001201441656900138,0.0002013818840778808,0.012882254982535068,-0.04837041255367568,0.08966873262557504,656
NTRS,0.00045245449656422054,0.001069955494505493,0.015212791562444707,-0.06952376592726936,0.1204949427763317,656
NOC,-0.0001666495420003145,0.00014956671017365896,0.011917911250727137,-0.05448882373189508,0.06042102901301966,656
NCLH,0.0007191247400506377,0.0011779145099002973,0.02679124578160234,-0.10666667090521918,0.1788460858945092,656
NRG,0.001507044003017197,0.002018689672620585,0.022338204847116502,-0.10543752028287792,0.1324418533680051,656
NUE,-0.00013697606861629274,-0.0006524895201979985,0.0180097450538184,-0.0724845960291442,0.1144345878058364,656
NVDA,0.0015905965678789623,0.0019174327148047301,0.025490417521918354,-0.1099999886971932,0.15613310280819429,656
NVR,0.00046545540678135603,-1.8613612165205628e-05,0.014158504757648191,-0.05852990119215874,0.07898246216031436,656
NXPI,0.0006133027147476396,0.0006102078391839877,0.01983924428490004,-0.06732289286537126,0.18751590878847538,656
ORLY,0.0006603621579004812,0.001150915924589504,0.01174468993020605,-0.0364986498935496,0.04016329377587612,656
OXY,-0.0011708209170005544,-0.001050059742613528,0.015407830493232832,-0.09042821369261056,0.1319639422029371,656
ODFL,-9.569559917368862e-05,3.5504679217803004e-05,0.018827598447248375,-0.0853318572003838,0.1270090548923623,656
OMC,0.0001735376581139534,0.0,0.013602760067921988,-0.06270559277311598,0.10690003881467053,656
ON,0.00017932673900785632,0.00011004966012452964,0.025761645306044308,-0.11166664406105324,0.21287132218683189,656
OKE,-1.4716807033101111e-05,0.0008362317474420613,0.01403027291815295,-0.08581115432182568,0.09581608903692289,656
ORCL,0.0006569277152463541,0.0008884838282035127,0.016629575914126626,-0.06718479202059312,0.13200973026010113,656
OTIS,0.0003415434093932595,0.0006727360607321253,0.010573067963391684,-0.07310167802748505,0.055859455774594065,656
PCAR,0.0004058955077640924,0.0003632113788619028,0.013191286702845553,-0.049900199048146174,0.09590481050643572,656
PKG,0.0005677072564573469,7.642896784938079e-05,0.011996333523574489,-0.0508117924373395,0.09281797387582723,656
PLTR,0.003785260894641621,0.0016397776987223914,0.03339116293722644,-0.10076945348805723,0.17674893545604634,656
PANW,0.0012852122327308058,0.001686498143620504,0.01899345107733264,-0.07366409192068565,0.14106706259212834,656
PSKY,0.00020423111504207036,0.0,0.029741941054638343,-0.13273401634772297,0.3392857370936145,656
PH,0.00036655434775966384,0.0007949875337409567,0.01490236934582734,-0.06498224115880771,0.15195085576844597,656
PAYX,9.231557470790984e-05,8.686097754661504e-05,0.012474257742985788,-0.062287288941211355,0.07907554091865471,656
PAYC,4.126353194790956e-05,0.00045263937195509765,0.019346919384202545,-0.09888723273026308,0.1396234541751248,656
PYPL,0.0003601655061139567,0.0009483267581254847,0.01833581491655738,-0.06295024103331397,0.12846308151080058,656
PNR,0.0007893951214928964,0.001442338650694977,0.014138815820747217,-0.04965693426279641,0.11995202114388655,656
PEP,-0.0001371532252158626,-0.00041646700957416374,0.010257420132832023,-0.05137167713137307,0.05287836001251849,656
PFE,-0.0006877997720163343,-0.0007699309365262065,0.013228255342555652,-0.04628818705676522,0.06537182003158731,656
PCG,-0.0001465677679355469,0.0006029749071499341,0.013553592807271659,-0.06566827516799162,0.07687378831887627,656
PM,0.0007252010333548052,0.0008161982165326552,0.010719239463506043,-0.06603837584874465,0.06560171900182626,656
PSX,-2.5632333889083836e-05,0.0007038463248957804,0.016654565421352484,-0.08751914574683334,0.12587335121576815,656
PNW,0.00025864674016423585,0.0005662116800006975,0.01114618670071832,-0.044176354449650006,0.04168358399801075,656
PNC,0.0005204949814217502,0.0008903349281146181,0.014882314637733547,-0.05155161307342949,0.09126196097104636,656
POOL,6.43751174774341e-05,0.00021487107712583954,0.01738541935209241,-0.07728200044243073,0.0850202711322011,656
PPG,-0.0003497464901005685,0.00034699933557129283,0.013076021457875642,-0.07329895593540796,0.1330769297840832,656
PPL,0.00040241993416195845,0.0007642875025398637,0.010431031822514402,-0.05329676813411649,0.042431216239527954,656
PFG,9.931972049453127e-05,0.0007082909003154915,0.014712993246389451,-0.09425054579588427,0.1262206085946057,656
PG,0.000429958248658902,0.00045205238635311924,0.0089085491629693,-0.04669036544785566,0.031520123885541595,656
PGR,0.00034019433837750943,0.0006086249887939401,0.012883482389406026,-0.06685980096703475,0.054241254635821995,656
PLD,-0.0002284509123938013,-0.0006913757925483123,0.014790532883090455,-0.07521116428996795,0.11677094518268989,656
PRU,0.00017389193669461577,0.001281398564281353,0.013130769328994546,-0.06812033113068316,0.10542557087350399,656
PEG,0.0004500299414413319,0.0012053553113123055,0.011678853897428655,-0.04402895473069382,0.05573473843067957,656
PTC,0.0010307498253905548,0.0011899677358259832,0.014678763382051672,-0.06100894195456611,0.17403913763968745,656
PSA,-2.598116228466652e-05,0.0002573895224747567,0.013077801152496168,-0.04912165048960096,0.06956396157557791,656
PHM,0.0011831418555822099,0.0016338577878557484,0.017009781549158623,-0.06216883339547318,0.07966664632161462,656
PWR,0.00038698664295290253,0.0005409121403761332,0.01724137939865237,-0.08589630035616419,0.10846149473897387,656
QCOM,0.0003611868373218476,0.0005695595125732833,0.017810960301804457,-0.06914237844145946,0.1472514552295487,656
DGX,0.000302816992635218,0.00028686158081677284,0.011742261399163408,-0.05093808888577799,0.0660389491489955,656
RL,0.0013053537495604044,0.001216218026608121,0.01784347845058404,-0.10013328754868385,0.15421257700181912,656
RJF,0.0003942700507995589,0.0012198270582874605,0.014015350880339561,-0.05804871686706301,0.10968163413794119,656
RTX,0.0002867403504882859,0.0001558510021613892,0.011318496723792516,-0.06785716707744299,0.07906231136045848,656
O,-8.317382273376885e-05,-0.0004785177543695879,0.010658294292519807,-0.03275352383006888,0.04815533091721028,656
REG,6.853416507474957e-05,0.00013924315238655622,0.012282204649259438,-0.05522742439756448,0.08640050964162917,656
REGN,-0.00029900552308934113,0.0002749157997948352,0.01544833091828421,-0.08889764512681322,0.07238459660456742,656
RF,0.0005926363328590353,0.0004308845477966121,0.020623443817064564,-0.06302762016779082,0.3265306355289655,656
RSG,0.0006110914417001863,0.0010646079231639316,0.009637839090644354,-0.062301911376450574,0.05984493690735752,656
RMD,-0.000182189719734697,0.0008149398906956177,0.016154089235070238,-0.09697732997481104,0.07408133666448234,656
RVTY,-0.00026781109299299277,-0.0005601833757977137,0.01738519494020256,-0.06594073419047247,0.12499993647817736,656
ROK,0.0003103813475137717,0.0004344536010360921,0.014730665873174394,-0.060658055650232454,0.1178586163788227,656
ROL,0.0006212472973224207,0.0011228197779127138,0.011489242475760992,-0.07458628134217846,0.05168318040300121,656
ROP,-0.00010730289600232176,0.00018914682986471921,0.010417790078782307,-0.09394417429432479,0.07004695429256966,656
ROST,-0.0002670395160924361,-0.00012393985373915461,0.012851672171624827,-0.051051546645659855,0.08266160114425235,656
RCL,0.0019284587634405856,0.0017354987604737049,0.020522297475695797,-0.07021404114702795,0.16265259741936797,656
SPGI,0.00054713399780696,0.0009555939012674626,0.010725869444726031,-0.054014412598961635,0.08963216145833333,656
CRM,0.0006578580618512719,0.0002811834578930414,0.01533494477274906,-0.05165860852190464,0.10074728163620852,656
SBAC,-2.8132099369750094e-05,0.0003770490809580126,0.014720231932081159,-0.06150146179667065,0.05396901397021106,656
SLB,-0.0007769175460514662,-0.00021909341036731333,0.01768094980036047,-0.0720301922815701,0.14988809490196012,656
STX,0.0009416586932430866,0.0010783711376287112,0.018707669218519404,-0.10788228352401903,0.130057854116084,656
SRE,0.00024561650138209604,0.0008617882667353449,0.012495954726750655,-0.06193942610834511,0.08294481148749035,656
NOW,0.0004386744269964272,0.001940746890346384,0.017317067368124623,-0.06903140838675827,0.13924139614762931,656
SHW,0.00032282784112992074,0.000446915140128771,0.01271855441826169,-0.05025022059385454,0.07693043003071103,656
SPG,0.0006595122821780693,0.0007896275454827952,0.013778627961524936,-0.06449256420614746,0.1003518805270085,656
SWKS,0.0009082094818941059,0.0004273999794810028,0.01954852867213543,-0.10447757566886871,0.21365285225437788,656
SJM,-0.00036950367383108715,-0.0010483332206429024,0.013520752475720375,-0.10085710797991071,0.057915086619368776,656
SW,0.0004044315908578836,0.0,0.014392459047623034,-0.062131692488943735,0.12760903634796902,656
SNA,0.00021594859679108675,0.00033770764002308425,0.012089252227099953,-0.0730662063439132,0.07877954041899866,656
SOLV,0.0005906567626404627,0.0003811821930217982,0.021438357546800707,-0.12136191852158847,0.104170039560824,348
SO,0.0004738682761283089,0.0009482405707922798,0.01100257805358646,-0.045810499785507795,0.04349382275403331,656
LUV,0.000493841323816108,0.001077413323264095,0.01971733275773687,-0.07867036766286274,0.16151339811541848,656
SWK,0.00013801504649057572,-0.0001111671599279199,0.01902660942844924,-0.09318178581093589,0.17446965732047243,656
SBUX,0.0003269751933712289,-0.00016045513882197529,0.014812604708869272,-0.05452593916540553,0.1194142759240504,656
STT,0.0008447576582971643,0.0009923270049167305,0.01467720825042857,-0.09163668980553336,0.11650611619133762,656
STLD,0.0002904011484341856,0.000533786035933032,0.01994377554567004,-0.09659946300928984,0.12791984490873326,656
STE,0.00023028241176816628,0.0002062632938273412,0.013072594646193935,-0.09481045960083156,0.08804299210489827,656
SYK,0.000226823147351344,0.00026054619216673875,0.011711243018442443,-0.050918519260019654,0.08349254095732274,656
SMCI,0.0032223957522030024,0.0015970335604607604,0.04653072258950336,-0.231640378884989,0.21809177992898096,656
SYF,0.0011922741693341345,0.0005928523788712842,0.01925130799316767,-0.08310353500296579,0.18442047882059795,656
SNPS,0.0001767036559055876,0.001055414082702804,0.018388099413713468,-0.09508433599960538,0.12555137237758596,656
SYY,0.0002032265545836579,0.0,0.011495503047305553,-0.051832930146028265,0.06975508180265763,656
TMUS,0.000891129137363841,0.0017178044396017863,0.011193039336662268,-0.0739054263786646,0.04897116829828958,656
TROW,-0.0003173932361950022,0.0,0.014784770265943123,-0.04956989903603834,0.14039977796975103,656
TTWO,0.000642654050190404,0.000713466294395126,0.014493896485844279,-0.08483499828569897,0.07095815995049098,656
TPR,0.0008939524598848426,0.0,0.017811307948894517,-0.09217074062165277,0.1250836059810626,656
TRGP,0.0006456874392226975,0.0015444739972506078,0.016339926340030356,-0.07766091847937658,0.10394145281323848,656
TGT,-0.0004789417792086904,-0.0007529869865339409,0.016335076865083935,-0.08058834374887146,0.11011366410688922,656
TEL,0.00025666787325306326,0.0004902990819048285,0.012557107351238016,-0.050894497086679834,0.109950267860707,656
TDY,0.00017350742790336166,0.0003195257966165429,0.011862530398937959,-0.069677677671816,0.08671657853300097,656
TER,0.000506473646946733,-0.0002675163334896392,0.02058410373756215,-0.10082035673424777,0.1446685979075011,656
TSLA,0.001377254419998569,0.00042970322375529275,0.030203162820130726,-0.12033737307981934,0.21144692353641534,656
TXN,0.00012931513766499227,0.00012186671246181542,0.015534828719029104,-0.06851678145559213,0.1675966255971156,656
TPL,-0.0007647814839204732,0.0005391947892418908,0.025664068942622,-0.11315013166433713,0.17690710780100136,656
TXT,-0.0001102087144430898,-0.00013517296308624655,0.012986866596539944,-0.06655129003650317,0.10930229124528881,656
TMO,-2.5353611341535215e-06,0.000259236654816294,0.014137416224946466,-0.07059581045523992,0.09386677869865276,656
TJX,9.674639325972388e-05,0.0003144413027959691,0.009270717164887142,-0.025604203670324663,0.052609628824699974,656
TKO,0.0010420531857065316,0.0010072195282734505,0.01908663086443729,-0.12267150954689927,0.096157314661381,656
TTD,0.0008076683044122444,0.00015034580721235986,0.025310686554514294,-0.08389743902744391,0.20266664293077258,656
TSCO,0.0007082637573276938,4.419466564145433e-05,0.015153401105205173,-0.0722326297375815,0.08694733595409831,656
TT,0.0006087038611355748,0.0012086859314631633,0.013470758305277908,-0.05277911305501911,0.08739092083415936,656
TDG,0.0007834012369671373,0.001147763759012317,0.013998185103551315,-0.06929273727490817,0.07977793643368866,656
TRV,-7.22095906542974e-05,0.0005065144153757678,0.011809331690199478,-0.058160355504512366,0.07291126193495091,656
TRMB,0.000967215089640629,0.0011178023360892669,0.016749370506814062,-0.10273827567667213,0.13241256984215513,656
TFC,-2.5750017027717214e-05,0.0007758840957495799,0.017943363776528318,-0.09943509077362693,0.11114370296550054,656
TYL,0.0006462035547711647,0.0009154125107547464,0.01450571324671957,-0.06932879405824735,0.09012668913348854,656
TSN,0.000195107882165844,0.00018685788641300004,0.013036253452759859,-0.06780593073989989,0.06721694373329147,656
USB,-4.095953434329142e-05,0.0004174669737447683,0.017436994772069843,-0.0722666422526042,0.09715241685887482,656
UBER,0.001390247836085275,0.0003969724095099046,0.020900324573050213,-0.0931460714558079,0.11815385084885817,656
UDR,7.179902810105753e-05,0.0,0.01306022409764954,-0.05909727646765776,0.10314263228049544,656
ULTA,-1.578743773495262e-05,-0.00038501262655668436,0.015490931853458241,-0.07236989789643615,0.09940970404462522,656
UNP,3.449427741259696e-05,-0.0004325305742470179,0.010813250144527789,-0.042568816065829275,0.08184108054265812,656
UAL,0.0011147590773993958,0.0005775089924688951,0.025671578310521564,-0.09186479276995507,0.259423892552516,656
UPS,-0.000306956545370893,-0.0001407010100174508,0.013214506684590014,-0.08617738984046881,0.0930028880078017,656
URI,0.0011334013573713112,0.0014067805260043443,0.01946067883661239,-0.07950785466858715,0.13739067374158018,656
UNH,-0.00018778714520763722,0.00036547447604974896,0.01392204430667982,-0.07255610311585817,0.06113076187234836,656
UHS,0.0004942893023206648,0.0010654020529798362,0.016792024875543307,-0.10293027656695655,0.07052226890107714,656
VLO,-0.00019241129609615828,0.0001870878895898238,0.019183885075075624,-0.09587850957570164,0.11678553564407886,656
VTR,0.0005555440766813498,0.0010864245217439348,0.013371391142687213,-0.05455330826023707,0.08089215150189095,656
VLTO,0.0008292595129007144,0.0009287547623678952,0.013833240856603736,-0.0764731724386981,0.07363336713289452,467
VRSN,0.0006561824658413881,0.0007107136599708076,0.011941576982337216,-0.04496365098800666,0.08250003390842005,656
VRSK,0.0004823588198676128,0.0006160119375335157,0.011810423710598886,-0.06869740943644057,0.09114671154801939,656
VZ,0.00025984025057769716,0.00026623218835584333,0.011492669217569512,-0.06763292146275751,0.044714386240428755,656
VRTX,0.0007440354899579781,0.001091523665687628,0.01371896649299078,-0.08142665752529818,0.08452478533927377,656
VTRS,0.0004670258680844808,0.0,0.016489330734080758,-0.06964421450698179,0.11600337314835973,656
VICI,-0.00020185438239251412,-0.00031255487042681937,0.011557581005145794,-0.03765828512832195,0.06209041595793541,656
V,0.0008469745068405681,0.0016272466526460918,0.01035658214648616,-0.05112119732481062,0.08765206368072899,656
VST,0.002307151078858702,0.0016194847389077323,0.02878178304190442,-0.12809339430845423,0.1532147827463854,656
VMC,0.0004309124948950035,0.0006324652605376217,0.01298093158748147,-0.05270383985698522,0.06818584066882272,656
WRB,-0.00010513001076524037,0.00033168312748819637,0.011649598995456902,-0.07218718949788756,0.051531794197417144,656
GWW,0.0005802732433597157,0.00026395278193846084,0.011790022396636948,-0.04033570697320561,0.05997254473476527,656
WAB,0.0006146065762881142,0.0008029592817416686,0.011991857628058806,-0.056055675258672256,0.1100448765814532,656
WBA,-0.0005786726898626581,-0.0008049375609788688,0.02293086279096649,-0.0941121375993333,0.17740108781368072,656
WMT,0.0008153274292916998,0.0008369085709762916,0.010188540475596728,-0.04729176040483682,0.07524296778222027,656
DIS,0.0007978821402080394,0.0010759180080894017,0.013656347602144514,-0.0650626926940791,0.12486162395823198,656
WBD,0.0008759901873195187,0.0,0.029748323247214218,-0.10263655031390882,0.22324967224532535,656
WM,0.0004459020149233639,0.00029541208992452957,0.009668916525272901,-0.042028266147083805,0.04869158022871641,656
WAT,3.5028556314099335e-06,8.959335821164856e-05,0.017612741032516664,-0.09653837527921133,0.11099371341908011,656
WEC,0.00027928425898289907,0.0005602143419173454,0.011067800143373238,-0.04772329502971971,0.0481927710843374,656
WFC,0.0007474540443839805,0.0010562572207520726,0.014690800308299234,-0.05317674105941284,0.0938324950309541,656
WELL,0.0007438687701182367,0.0010401392979488492,0.01257835241672781,-0.05915961644835307,0.0516033652393196,656
WST,-4.747218620880596e-05,-0.0004728373548107852,0.01805119371269693,-0.18343994586333756,0.07313083860262773,656
WDC,0.00047145272946775077,0.0008308636274510874,0.02049192724727633,-0.11893697098261231,0.15826416912327576,656
WY,-0.00018744415749182204,-0.0006023505752036349,0.013648550748049153,-0.06374954807493415,0.09075971457291877,656
WSM,0.0018973343580064922,0.002020189069163757,0.022819279031297653,-0.19004078429322585,0.14665608505738725,656
WMB,0.0006423978440600364,0.0007375874923979996,0.01326358527160629,-0.06108090244488299,0.08068461657448363,656
WTW,0.00048297628977866735,0.0008221108956741111,0.01139238033244518,-0.07015563727352865,0.06816638251452113,656
WDAY,0.0009334844319345363,0.0004670717793068913,0.01643000300726431,-0.04858089780219289,0.10273514483888875,656
WYNN,-2.6760104525243056e-05,0.00023113323338303757,0.01717564484933481,-0.0715923916762042,0.15015928226989117,656
XEL,-2.9636346029131857e-05,0.0005512530166033768,0.012345845524265995,-0.08125544849865886,0.041190873165829874,656
XYL,-0.00021599255490758367,0.00040522230587632926,0.011922698674496055,-0.0665734564507757,0.08588834198400387,656
YUM,0.0002210640574301509,4.863704187700017e-06,0.010381626165812303,-0.0596654441971034,0.03805953248687907,656
ZBRA,0.0007569345118644318,0.00013426043455210928,0.019486925752339672,-0.1370066351186081,0.1443526400490986,656
ZBH,-0.00020559954922670125,-0.0002362542544515566,0.012306285819100229,-0.09147498057986156,0.041606535327751396,656
ZTS,0.00011878984075406857,0.00021102591747034735,0.014739519618669582,-0.08703534938431431,0.08777273355210469,656
